{"camera_matrix": [[569.1652255179383, 0.0, 275.4948360111873], [0.0, 567.3126247874786, 221.21212230024858], [0.0, 0.0, 1.0]], "distortion": [[-0.11017237181150072], [0.2255713327488524], [-1.8495109623063297], [3.653636887828855]], "xfov": 45.72740388230949, "yfov": 58.8514640993087}