{
  "camera_matrix": [
    [
      568.8838380154359,
      0.0,
      278.2089782727471
    ],
    [
      0.0,
      566.7916999921097,
      221.31474859183575
    ],
    [
      0.0,
      0.0,
      1.0
    ]
  ],
  "distortion": [
    [
      -0.1246508641659862
    ],
    [
      0.1591279950961103
    ],
    [
      -0.18549297586667426
    ],
    [
      -0.6367673315765906
    ]
  ],
  "xfov": 45.747694750200765,
  "yfov": 58.89652137546988,
  "dim": [
    640,
    480
  ]
}