{
  "server-ip": "10.18.16.2",
  "lower-color-list": [
    60.0,
    55,
    110
  ],
  "upper-color-list": [
    100.0,
    255,
    255
  ],
  "target-height": 5.5,
  "camera-height": 7.75,
  "horizontal-aspect": 4,
  "image-width": 640,
  "image-height": 480,
  "camera_matrix": [
    [
      568.8838380154359,
      0.0,
      278.2089782727471
    ],
    [
      0.0,
      566.7916999921097,
      221.31474859183575
    ],
    [
      0.0,
      0.0,
      1.0
    ]
  ],
  "xfov": 58.89652137546988,
  "yfov": 45.747694750200765,
  "dim": [
    640,
    480
  ]
}