{
  "server-ip": "10.18.16.2",
  "lower-color-list": [
    50.0,
    55.03597122302158,
    174.28057553956833
  ],
  "upper-color-list": [
    90.60606060606061,
    255,
    255
  ],
  "lower-color-list-thresh": [
    30.0,
    35.03597122302158,
    154.28057553956833
  ],
  "upper-color-list-thresh": [
    110.60606060606061,
    255,
    255
  ],
  "fish-eye-cam-HFOV": 90,
  "fish-eye-cam-VFOV": 60,
  "image-width": 768,
  "image-height": 432,
  "height-of-target": 5.5,
  "height-of-camera": 4.75,
  "horizontal-aspect": 16,
  "vertical-aspect": 9
}