{
  "server-ip": "10.18.16.2",
  "lower-color-list": [
    50.0,
    55.03597122302158,
    174.28057553956833
  ],
  "upper-color-list": [
    90.60606060606061,
    255,
    255
  ],
  "horizontal-aspect": 4,
  "image-width": 640,
  "image-height": 480,
  "A": 2594.85,
  "B": -0.596375,
  "camera_matrix": [
    [
      568.8838380154359,
      0.0,
      278.2089782727471
    ],
    [
      0.0,
      566.7916999921097,
      221.31474859183575
    ],
    [
      0.0,
      0.0,
      1.0
    ]
  ],
  "distortion": [
    [
      -0.1246508641659862
    ],
    [
      0.1591279950961103
    ],
    [
      -0.18549297586667426
    ],
    [
      -0.6367673315765906
    ]
  ],
  "xfov": 45.747694750200765,
  "yfov": 58.89652137546988,
  "dim": [
    640,
    480
  ]
}