{
  "server-ip": "10.18.16.2",
  "lower-color-list": [
    50.0,
    55.03597122302158,
    174.28057553956833
  ],
  "upper-color-list": [
    90.60606060606061,
    255,
    255
  ],
  "fish-eye-cam-HFOV": 90,
  "horizontal-aspect": 4,
  "image-width": 640,
  "image-height": 480,
  "A": 24686.3,
  "B": 0.908263
}