{
  "server-ip": "10.18.16.2",
  "lower-color-list": [
    50.0,
    55.03597122302158,
    174.28057553956833
  ],
  "upper-color-list": [
    90.60606060606061,
    255,
    255
  ],
  "lower-color-list-thresh": [
    30.0,
    35.03597122302158,
    154.28057553956833
  ],
  "upper-color-list-thresh": [
    110.60606060606061,
    255,
    255
  ],
  "fish-eye-cam-FOV": 90,
  "image-width": 256,
  "image-height": 144,
  "height-of-target": 5.25,
  "height-of-camera": 4.75
}