  {
  "server-ip": "10.18.16.2",
  "lower-color-list": [
    50.0,
    55.03597122302158,
    174.28057553956833
  ],
  "upper-color-list": [
    90.60606060606061,
    255,
    255
  ],
  "m": -436.9799498746867,
  "b": 13674.515037593985,
  "fish-eye-cam-HFOV": 90,
  "fish-eye-cam-VFOV": 60,
  "image-width": 640,
  "image-height": 480,
  "height-of-target": 5.25,
  "height-of-camera": 4.75,
  "horizontal-aspect": 4,
  "vertical-aspect": 3
}